{
  "project_info": {
    "project_number": "27322996120",
    "firebase_url": "https://shop-7dbdc.firebaseio.com",
    "project_id": "shop-7dbdc",
    "storage_bucket": "shop-7dbdc.appspot.com"
  },
  "client": [
    {
      "client_info": {
        "mobilesdk_app_id": "1:27322996120:android:c13c1f85846e1b0d",
        "android_client_info": {
          "package_name": "com.techcyte.nfcshop"
        }
      },
      "oauth_client": [
        {
          "client_id": "27322996120-ci2vibg1arsvhpsuqst58c67pv9691gc.apps.googleusercontent.com",
          "client_type": 1,
          "android_info": {
            "package_name": "com.techcyte.nfcshop",
            "certificate_hash": "213fa3e3f29275365b1f76e3e91f00cf3161d3d5"
          }
        },
        {
          "client_id": "27322996120-sd3rm4g361nbotvhkod2m75ckpb481pt.apps.googleusercontent.com",
          "client_type": 3
        }
      ],
      "api_key": [
        {
          "current_key": "AIzaSyD9XAS7riZnH_w3VaVkW6_M5bnxwxJOO3k"
        }
      ],
      "services": {
        "analytics_service": {
          "status": 1
        },
        "appinvite_service": {
          "status": 2,
          "other_platform_oauth_client": [
            {
              "client_id": "27322996120-sd3rm4g361nbotvhkod2m75ckpb481pt.apps.googleusercontent.com",
              "client_type": 3
            }
          ]
        },
        "ads_service": {
          "status": 2
        }
      }
    }
  ],
  "configuration_version": "1"
}